id, nome, sobrenome, email
1,Roberto, Livianu, trandafir5977@uorak.com
2,Christina, Stephano , lizandro4390@uorak.com
3,Robert, Creeley,jorn858@uorak.com
4,Roberto, Gambini, dayanna7275@uorak.com
5,Rosario, Fusco, cuihua2797@uorak.com
6,Flo, Menezes,cuihua277@uorak.com
7,José, Paulo ,cuihua279@uorak.com
8,Francisco, Rocha,cuihua797@uorak.com
9,Ademir, Assunção,cuihua27917@uorak.com
10,Renato, Janine ,cuihua27970@uorak.com
11,Gil, Perini,cuihua276@uorak.com
12,Enric, Satué,cuihua5797@uorak.com
13,João, Alexandre ,cuihia2797@uorak.com
14,Carlos, Horcades, cuihua279437@uorak.com